技術担当部署,案件責任,営業/開発担当者,確度,プロジェクト名,S/L,AOコード,AOコード名,セグメント,請求先,内外,カテゴリ,ヒト/モノ,新規・継続,サービスCD,サービス名,売上1月,外注費1月,仕入1月,原価経費1月,社内人件費1月,売上総利益1月,率1月,売上2月,外注費2月,仕入2月,原価経費2月,社内人件費2月,売上総利益2月,率2月,売上3月,外注費3月,仕入3月,原価経費3月,社内人件費3月,売上総利益3月,率3月,売上4月,外注費4月,仕入4月,原価経費4月,社内人件費4月,売上総利益4月,率4月,売上5月,外注費5月,仕入5月,原価経費5月,社内人件費5月,売上総利益5月,率5月,売上6月,外注費6月,仕入6月,原価経費6月,社内人件費6月,売上総利益6月,率6月,売上7月,外注費7月,仕入7月,原価経費7月,社内人件費7月,売上総利益7月,率7月,売上8月,外注費8月,仕入8月,原価経費8月,社内人件費8月,売上総利益8月,率8月,売上9月,外注費9月,仕入9月,原価経費9月,社内人件費9月,売上総利益9月,率9月,売上10月,外注費10月,仕入10月,原価経費10月,社内人件費10月,売上総利益10月,率10月,売上11月,外注費11月,仕入11月,原価経費11月,社内人件費11月,売上総利益11月,率11月,売上12月,外注費12月,仕入12月,原価経費12月,社内人件費12月,売上総利益12月,率12月
ＯＰＣ,開発,藤後,A0,(バスケツト原価),5b ｾﾝﾀｰ利用型運用保守サービス,501,ヘルプデスク,金融,ISID,内,OPC,ヒト,継続,F41,IntraLinkなど上記以外,0,1376000,,890645,2632869,-4899514,0,0,3376000,,913192,2554547,-6843739,0,0,3038214,,944500,2465288,-6448002,0,0,489000,,527768,1871990,-2888758,0,0,489000,,539263,1671915,-2700178,0,0,500000,,500000,2050000,-3050000,0,0,500000,,500000,2050000,-3050000,0,0,500000,,500000,2050000,-3050000,0,0,500000,,500000,2050000,-3050000,0,0,500000,,500000,2050000,-3050000,0,0,500000,,500000,2050000,-3050000,0,0,500000,,500000,2050000,-3050000,0
ＯＰＣ,,,,(ヘルプデスク　金融）,,,,,,,,,,,,,,,,,,,,,,,,,,,,,,,,,,,,,,,,,,,,,,,,,,,,,,,,,,,,,,,,,,,,,,,,,,,,,,,,,,,,,,,,,,,,,,,
ＯＰＣ,開発,藤後,A0,ISID金融事業部BANK･Rソリューションヘルプデスク業務,5b ｾﾝﾀｰ利用型運用保守サービス,501,ヘルプデスク,金融,ISID,内,OPC,ヒト,継続,F41,IntraLinkなど上記以外,1428833,0,0,0,0,1428833,1,1428833,0,0,0,0,1428833,1,1428834,0,0,0,0,1428834,1,1428833,0,0,0,0,1428833,1,1428833,0,0,0,0,1428833,1,1428834,0,0,0,0,1428834,1,1428833,0,0,0,0,1428833,1,1428833,0,0,0,0,1428833,1,1428834,0,0,0,0,1428834,1,1428833,0,0,0,0,1428833,1,1428833,0,0,0,0,1428833,1,1428834,0,0,0,0,1428834,1
ＯＰＣ,開発,藤後,A0,りそなカード様ＡＣＳシステム保守,5b ｾﾝﾀｰ利用型運用保守サービス,501,ヘルプデスク,金融,ISID,内,OPC,ヒト,継続,F41,IntraLinkなど上記以外,12000,0,0,0,0,12000,1,12000,0,0,0,0,12000,1,12000,0,0,0,0,12000,1,12000,0,0,0,0,12000,1,12000,0,0,0,0,12000,1,12000,0,0,0,0,12000,1,12000,0,0,0,0,12000,1,12000,0,0,0,0,12000,1,12000,0,0,0,0,12000,1,12000,0,0,0,0,12000,1,12000,0,0,0,0,12000,1,12000,0,0,0,0,12000,1
ＯＰＣ,開発,藤後,A0,ISID金融事業部ダイレクトチャネルヘルプデスク,5b ｾﾝﾀｰ利用型運用保守サービス,501,ヘルプデスク,金融,ISID,内,OPC,ヒト,継続,F41,IntraLinkなど上記以外,477000,0,0,0,0,477000,1,477000,0,0,0,0,477000,1,477000,0,0,0,0,477000,1,477000,0,0,0,0,477000,1,477000,0,0,0,0,477000,1,477000,0,0,0,0,477000,1,477000,0,0,0,0,477000,1,477000,0,0,0,0,477000,1,477000,0,0,0,0,477000,1,477000,0,0,0,0,477000,1,477000,0,0,0,0,477000,1,477000,0,0,0,0,477000,1
ＯＰＣ,開発,藤後,A0,LiveEngageご利用顧客向けサポートデスク業務,5b ｾﾝﾀｰ利用型運用保守サービス,501,ヘルプデスク,金融,ISID,内,OPC,ヒト,継続,F41,IntraLinkなど上記以外,100000,0,0,0,0,100000,1,100000,0,0,0,0,100000,1,100000,0,0,0,0,100000,1,100000,0,0,0,0,100000,1,100000,0,0,0,0,100000,1,100000,0,0,0,0,100000,1,100000,0,0,0,0,100000,1,100000,0,0,0,0,100000,1,100000,0,0,0,0,100000,1,100000,0,0,0,0,100000,1,100000,0,0,0,0,100000,1,100000,0,0,0,0,100000,1
ＯＰＣ,開発,藤後,A0,セブン銀行DBSシステム向けヘルプデスク運用サービス,5b ｾﾝﾀｰ利用型運用保守サービス,501,ヘルプデスク,金融,ISID,内,OPC,ヒト,継続,F41,IntraLinkなど上記以外,926000,0,0,0,0,926000,1,926000,0,0,0,0,926000,1,926000,0,0,0,0,926000,1,0,0,0,0,0,0,0,0,0,0,0,0,0,0,0,0,0,0,0,0,0,0,0,0,0,0,0,0,0,0,0,0,0,0,0,0,0,0,0,0,0,0,0,0,0,0,0,0,0,0,0,0,0,0,0,0,0,0,0,0,0,0,0
ＯＰＣ,開発,藤後,A0,セブン銀行債権システム向けヘルプデスク運用サービス,5b ｾﾝﾀｰ利用型運用保守サービス,501,ヘルプデスク,金融,ISID,内,OPC,ヒト,継続,F41,IntraLinkなど上記以外,0,0,0,0,0,0,0,0,0,0,0,0,0,0,0,0,0,0,0,0,0,505000,0,0,0,0,505000,1,305000,0,0,0,0,305000,1,305000,0,0,0,0,305000,1,0,0,0,0,0,0,0,0,0,0,0,0,0,0,0,0,0,0,0,0,0,0,0,0,0,0,0,0,0,0,0,0,0,0,0,0,0,0,0,0,0,0
ＯＰＣ,開発,藤後,A0,セブン銀行DBSデータ連携システム向けヘルプデスク運用サービス,5b ｾﾝﾀｰ利用型運用保守サービス,501,ヘルプデスク,金融,ISID,内,OPC,ヒト,継続,F41,IntraLinkなど上記以外,0,0,0,0,0,0,0,0,0,0,0,0,0,0,0,0,0,0,0,0,0,180000,0,0,0,0,180000,1,100000,0,0,0,0,100000,1,100000,0,0,0,0,100000,1,100000,0,0,0,0,100000,1,100000,0,0,0,0,100000,1,100000,0,0,0,0,100000,1,100000,0,0,0,0,100000,1,100000,0,0,0,0,100000,1,100000,0,0,0,0,100000,1
ＯＰＣ,開発,藤後,A0,セブン銀行テレフォンセンター向けヘルプデスク業務,5b ｾﾝﾀｰ利用型運用保守サービス,501,ヘルプデスク,金融,ISID,内,OPC,ヒト,継続,F41,IntraLinkなど上記以外,0,0,0,0,0,0,0,0,0,0,0,0,0,0,100000,0,0,0,0,100000,1,200000,0,0,0,0,200000,1,200000,0,0,0,0,200000,1,200000,0,0,0,0,200000,1,200000,0,0,0,0,200000,1,200000,0,0,0,0,200000,1,200000,0,0,0,0,200000,1,200000,0,0,0,0,200000,1,200000,0,0,0,0,200000,1,200000,0,0,0,0,200000,1
ＯＰＣ,開発,藤後,A0, iCollex ヘルプデスク,5b ｾﾝﾀｰ利用型運用保守サービス,501,ヘルプデスク,金融,ISID,内,OPC,ヒト,継続,F41,IntraLinkなど上記以外,76000,0,0,0,0,76000,1,76000,0,0,0,0,76000,1,76000,0,0,0,0,76000,1,76000,0,0,0,0,76000,1,76000,0,0,0,0,76000,1,76000,0,0,0,0,76000,1,76000,0,0,0,0,76000,1,76000,0,0,0,0,76000,1,76000,0,0,0,0,76000,1,76000,0,0,0,0,76000,1,76000,0,0,0,0,76000,1,76000,0,0,0,0,76000,1
ＯＰＣ,開発,藤後,A0,LINE Credit様向けヘルプデスクサービス業務,5b ｾﾝﾀｰ利用型運用保守サービス,501,ヘルプデスク,金融,ISID,内,OPC,ヒト,継続,F41,IntraLinkなど上記以外,260000,0,0,0,0,260000,1,260000,0,0,0,0,260000,1,260000,0,0,0,0,260000,1,260000,0,0,0,0,260000,1,260000,0,0,0,0,260000,1,260000,0,0,0,0,260000,1,260000,0,0,0,0,260000,1,260000,0,0,0,0,260000,1,260000,0,0,0,0,260000,1,260000,0,0,0,0,260000,1,260000,0,0,0,0,260000,1,260000,0,0,0,0,260000,1
ＯＰＣ,,,,(ヘルプデスク　ＢＳ／ＥＩＴ）,,,,,,,,,,,,,,,,,,,,,,,,,,,,,,,,,,,,,,,,,,,,,,,,,,,,,,,,,,,,,,,,,,,,,,,,,,,,,,,,,,,,,,,,,,,,,,,
ＯＰＣ,開発,藤後,A0,ISID HRMヘルプデスク業務,5b ｾﾝﾀｰ利用型運用保守サービス,501,ヘルプデスク,BS,ISID,内,OPC,ヒト,継続,B41,Positive,345000,0,0,0,0,345000,1,345000,0,0,0,0,345000,1,345000,0,0,0,0,345000,1,345000,0,0,0,0,345000,1,345000,0,0,0,0,345000,1,345000,0,0,0,0,345000,1,345000,0,0,0,0,345000,1,345000,0,0,0,0,345000,1,345000,0,0,0,0,345000,1,345000,0,0,0,0,345000,1,345000,0,0,0,0,345000,1,345000,0,0,0,0,345000,1
ＯＰＣ,開発,藤後,A0,OLC向けヘルプデスク業務,5b ｾﾝﾀｰ利用型運用保守サービス,501,ヘルプデスク,EIT,ISID,内,OPC,ヒト,継続,B7D,BSその他,150000,0,0,0,0,150000,1,150000,0,0,0,0,150000,1,0,0,0,0,0,0,0,0,0,0,0,0,0,0,0,0,0,0,0,0,0,0,0,0,0,0,0,0,0,0,0,0,0,0,0,0,0,0,0,0,0,0,0,0,0,0,0,0,0,0,0,0,0,0,0,0,0,0,0,0,0,0,0,0,0,0,0,0,0,0
ＯＰＣ,開発,藤後,A0,OLC向けIF基盤ヘルプデスク業務,5b ｾﾝﾀｰ利用型運用保守サービス,501,ヘルプデスク,EIT,ISID,内,OPC,ヒト,継続,B7D,BSその他,130000,0,0,0,0,130000,1,130000,0,0,0,0,130000,1,180000,0,0,0,0,180000,1,150000,0,0,0,0,150000,1,150000,0,0,0,0,150000,1,150000,0,0,0,0,150000,1,150000,0,0,0,0,150000,1,150000,0,0,0,0,150000,1,150000,0,0,0,0,150000,1,150000,0,0,0,0,150000,1,150000,0,0,0,0,150000,1,150000,0,0,0,0,150000,1
ＯＰＣ,開発,藤後,A0,JTB様向け定期運用サービス業務,5b ｾﾝﾀｰ利用型運用保守サービス,501,ヘルプデスク,EIT,ISID,内,OPC,ヒト,継続,B41,Positive,416666,0,0,0,0,416666,1,416666,0,0,0,0,416666,1,416668,0,0,0,0,416668,1,500000,0,0,0,0,500000,1,500000,0,0,0,0,500000,1,500000,0,0,0,0,500000,1,500000,0,0,0,0,500000,1,500000,0,0,0,0,500000,1,500000,0,0,0,0,500000,1,500000,0,0,0,0,500000,1,500000,0,0,0,0,500000,1,500000,0,0,0,0,500000,1
ＯＰＣ,開発,藤後,A0,AIRDO様向け ヘルプデスク,5b ｾﾝﾀｰ利用型運用保守サービス,501,ヘルプデスク,EIT,ISID,内,OPC,ヒト,継続,B7D,BSその他,90000,0,0,0,0,90000,1,90000,0,0,0,0,90000,1,90000,0,0,0,0,90000,1,90000,0,0,0,0,90000,1,90000,0,0,0,0,90000,1,90000,0,0,0,0,90000,1,90000,0,0,0,0,90000,1,90000,0,0,0,0,90000,1,90000,0,0,0,0,90000,1,90000,0,0,0,0,90000,1,90000,0,0,0,0,90000,1,90000,0,0,0,0,90000,1
ＯＰＣ,開発,藤後,A0,ANAカーゴ様向け ヘルプデスク,5b ｾﾝﾀｰ利用型運用保守サービス,501,ヘルプデスク,EIT,ISID,内,OPC,ヒト,継続,B7D,BSその他,30000,0,0,0,0,30000,1,30000,0,0,0,0,30000,1,30000,0,0,0,0,30000,1,30000,0,0,0,0,30000,1,30000,0,0,0,0,30000,1,30000,0,0,0,0,30000,1,30000,0,0,0,0,30000,1,30000,0,0,0,0,30000,1,30000,0,0,0,0,30000,1,30000,0,0,0,0,30000,1,30000,0,0,0,0,30000,1,30000,0,0,0,0,30000,1
ＯＰＣ,開発,藤後,A0,AFS様向けSTRAVIS on AWSアカウント管理サービス,5b ｾﾝﾀｰ利用型運用保守サービス,501,ヘルプデスク,EIT,ISID,内,OPC,ヒト,継続,B15,STRAVIS（クラウド）,30000,0,0,0,0,30000,1,30000,0,0,0,0,30000,1,30000,0,0,0,0,30000,1,30000,0,0,0,0,30000,1,30000,0,0,0,0,30000,1,30000,0,0,0,0,30000,1,30000,0,0,0,0,30000,1,30000,0,0,0,0,30000,1,30000,0,0,0,0,30000,1,30000,0,0,0,0,30000,1,30000,0,0,0,0,30000,1,30000,0,0,0,0,30000,1
ＯＰＣ,開発,藤後,A0,STR PAS向け ヘルプデスク,5b ｾﾝﾀｰ利用型運用保守サービス,501,ヘルプデスク,BS,ISID,内,OPC,ヒト,継続,B15,STRAVIS（クラウド）,110000,0,0,0,0,110000,1,110000,0,0,0,0,110000,1,110000,0,0,0,0,110000,1,110000,0,0,0,0,110000,1,110000,0,0,0,0,110000,1,110000,0,0,0,0,110000,1,110000,0,0,0,0,110000,1,110000,0,0,0,0,110000,1,110000,0,0,0,0,110000,1,110000,0,0,0,0,110000,1,110000,0,0,0,0,110000,1,110000,0,0,0,0,110000,1
ＯＰＣ,開発,藤後,A0,ANA EARTH様向けヘルプデスク行,5b ｾﾝﾀｰ利用型運用保守サービス,501,ヘルプデスク,EIT,ISID,内,OPC,ヒト,継続,B7D,BSその他,90000,0,0,0,0,90000,1,90000,0,0,0,0,90000,1,90000,0,0,0,0,90000,1,90000,0,0,0,0,90000,1,90000,0,0,0,0,90000,1,90000,0,0,0,0,90000,1,90000,0,0,0,0,90000,1,90000,0,0,0,0,90000,1,90000,0,0,0,0,90000,1,90000,0,0,0,0,90000,1,90000,0,0,0,0,90000,1,90000,0,0,0,0,90000,1
ＯＰＣ,開発,藤後,A0,東京エレクトロン様向けヘルプデスクサービス,5b ｾﾝﾀｰ利用型運用保守サービス,501,ヘルプデスク,EIT,ISID,内,OPC,ヒト,継続,B7D,BSその他,0,0,0,0,0,0,0,0,0,0,0,0,0,0,0,0,0,0,0,0,0,260000,0,0,0,0,260000,1,219000,0,0,0,0,219000,1,219000,0,0,0,0,219000,1,219000,0,0,0,0,219000,1,219000,0,0,0,0,219000,1,219000,0,0,0,0,219000,1,219000,0,0,0,0,219000,1,219000,0,0,0,0,219000,1,219000,0,0,0,0,219000,1
ＯＰＣ,開発,藤後,A0,ボイスメール,5b ｾﾝﾀｰ利用型運用保守サービス,501,ヘルプデスク,BS,ISID,内,OPC,ヒト,継続,B7D,BSその他,61500,0,0,0,0,61500,1,61500,0,0,0,0,61500,1,61500,0,0,0,0,61500,1,61500,0,0,0,0,61500,1,61500,0,0,0,0,61500,1,61500,0,0,0,0,61500,1,61500,0,0,0,0,61500,1,61500,0,0,0,0,61500,1,61500,0,0,0,0,61500,1,61500,0,0,0,0,61500,1,61500,0,0,0,0,61500,1,61500,0,0,0,0,61500,1
ＯＰＣ,開発,藤後,A0,Itaメール監視,5b ｾﾝﾀｰ利用型運用保守サービス,501,ヘルプデスク,EIT,ISID,内,OPC,ヒト,継続,B7D,BSその他,60000,0,0,0,0,60000,1,60000,0,0,0,0,60000,1,60000,0,0,0,0,60000,1,60000,0,0,0,0,60000,1,60000,0,0,0,0,60000,1,60000,0,0,0,0,60000,1,60000,0,0,0,0,60000,1,60000,0,0,0,0,60000,1,60000,0,0,0,0,60000,1,60000,0,0,0,0,60000,1,60000,0,0,0,0,60000,1,60000,0,0,0,0,60000,1
ＯＰＣ,,,,(ヘルプデスク　AO直契約）,,,,,,,,,,,,,,,,,,,,,,,,,,,,,,,,,,,,,,,,,,,,,,,,,,,,,,,,,,,,,,,,,,,,,,,,,,,,,,,,,,,,,,,,,,,,,,,
ＯＰＣ,営業,森川,A0,クラシアン会計システム向け ヘルプデスクサービス,5b ｾﾝﾀｰ利用型運用保守サービス,501,ヘルプデスク,EIT,ISID,外,OPC,ヒト,継続,B23,SuperStream,60000,0,0,0,0,60000,1,60000,0,0,0,0,60000,1,60000,0,0,0,0,60000,1,60000,0,0,0,0,60000,1,60000,0,0,0,0,60000,1,60000,0,0,0,0,60000,1,60000,0,0,0,0,60000,1,60000,0,0,0,0,60000,1,60000,0,0,0,0,60000,1,60000,0,0,0,0,60000,1,60000,0,0,0,0,60000,1,60000,0,0,0,0,60000,1
ＯＰＣ,営業,森川,A0,クラシアン人事システム向け ヘルプデスクサービス,5b ｾﾝﾀｰ利用型運用保守サービス,501,ヘルプデスク,EIT,ISID,外,OPC,ヒト,継続,B23,SuperStream,60000,0,0,0,0,60000,1,60000,0,0,0,0,60000,1,60000,0,0,0,0,60000,1,60000,0,0,0,0,60000,1,60000,0,0,0,0,60000,1,60000,0,0,0,0,60000,1,60000,0,0,0,0,60000,1,60000,0,0,0,0,60000,1,60000,0,0,0,0,60000,1,60000,0,0,0,0,60000,1,60000,0,0,0,0,60000,1,60000,0,0,0,0,60000,1
ＯＰＣ,営業,中村,A0,ホームロジスティクス様向け TMS+PLSヘルプデスクサービス,5b ｾﾝﾀｰ利用型運用保守サービス,501,ヘルプデスク,EIT,ISID,外,OPC,ヒト,継続,B7D,BSその他,400000,0,0,0,0,400000,1,400000,0,0,0,0,400000,1,400000,0,0,0,0,400000,1,400000,0,0,0,0,400000,1,400000,0,0,0,0,400000,1,400000,0,0,0,0,400000,1,400000,0,0,0,0,400000,1,400000,0,0,0,0,400000,1,400000,0,0,0,0,400000,1,400000,0,0,0,0,400000,1,400000,0,0,0,0,400000,1,400000,0,0,0,0,400000,1
ＯＰＣ,営業,戸村,A0,日立ハイテクフィールディング様向け システム運用支援サービス,5b ｾﾝﾀｰ利用型運用保守サービス,501,ヘルプデスク,EIT,ISID,外,OPC,ヒト,継続,B7D,BSその他,420000,0,0,0,0,420000,1,420000,0,0,0,0,420000,1,420000,0,0,0,0,420000,1,420000,0,0,0,0,420000,1,420000,0,0,0,0,420000,1,420000,0,0,0,0,420000,1,420000,0,0,0,0,420000,1,420000,0,0,0,0,420000,1,420000,0,0,0,0,420000,1,420000,0,0,0,0,420000,1,420000,0,0,0,0,420000,1,420000,0,0,0,0,420000,1
ＯＰＣ,,,,(AOSMSサービス）,,,,,,,,,,,,,,,,,,,,,,,,,,,,,,,,,,,,,,,,,,,,,,,,,,,,,,,,,,,,,,,,,,,,,,,,,,,,,,,,,,,,,,,,,,,,,,,
ＯＰＣ,開発,藤後,A0, iCollex AOSMS手順書実行,5b ｾﾝﾀｰ利用型運用保守サービス,103,AOSMS,金融,ISID,内,OPC,ヒト,継続,F41,IntraLinkなど上記以外,10000,0,0,0,0,10000,1,10000,0,0,0,0,10000,1,10000,0,0,0,0,10000,1,10000,0,0,0,0,10000,1,10000,0,0,0,0,10000,1,10000,0,0,0,0,10000,1,10000,0,0,0,0,10000,1,10000,0,0,0,0,10000,1,10000,0,0,0,0,10000,1,10000,0,0,0,0,10000,1,10000,0,0,0,0,10000,1,10000,0,0,0,0,10000,1
ＯＰＣ,開発,藤後,A0,日経数値データAPI AOSMS手順書実行,5b ｾﾝﾀｰ利用型運用保守サービス,103,AOSMS,金融,ISID,内,OPC,ヒト,継続,F41,IntraLinkなど上記以外,19000,0,0,0,0,19000,1,19000,0,0,0,0,19000,1,19000,0,0,0,0,19000,1,0,0,0,0,0,0,0,0,0,0,0,0,0,0,0,0,0,0,0,0,0,0,0,0,0,0,0,0,0,0,0,0,0,0,0,0,0,0,0,0,0,0,0,0,0,0,0,0,0,0,0,0,0,0,0,0,0,0,0,0,0,0,0
ＯＰＣ,開発,藤後,A0,日経ValueSearch向け  AOSMS手順書実行,5b ｾﾝﾀｰ利用型運用保守サービス,103,AOSMS,金融,ISID,内,OPC,ヒト,継続,F41,IntraLinkなど上記以外,80000,0,0,0,0,80000,1,80000,0,0,0,0,80000,1,80000,0,0,0,0,80000,1,80000,0,0,0,0,80000,1,80000,0,0,0,0,80000,1,80000,0,0,0,0,80000,1,80000,0,0,0,0,80000,1,80000,0,0,0,0,80000,1,80000,0,0,0,0,80000,1,80000,0,0,0,0,80000,1,80000,0,0,0,0,80000,1,80000,0,0,0,0,80000,1
ＯＰＣ,開発,藤後,A0,ANAカーゴ様向け AOSMS手順書実行,5b ｾﾝﾀｰ利用型運用保守サービス,103,AOSMS,EIT,ISID,内,OPC,ヒト,継続,B7D,BSその他,24000,0,0,0,0,24000,1,24000,0,0,0,0,24000,1,24000,0,0,0,0,24000,1,24000,0,0,0,0,24000,1,24000,0,0,0,0,24000,1,24000,0,0,0,0,24000,1,24000,0,0,0,0,24000,1,24000,0,0,0,0,24000,1,24000,0,0,0,0,24000,1,24000,0,0,0,0,24000,1,24000,0,0,0,0,24000,1,24000,0,0,0,0,24000,1
ＯＰＣ,開発,藤後,A0,MFS様向け  AOSMS手順書実行,5b ｾﾝﾀｰ利用型運用保守サービス,103,AOSMS,EIT,ISID,内,OPC,ヒト,継続,B7D,BSその他,994000,0,0,0,0,994000,1,994000,0,0,0,0,994000,1,994000,0,0,0,0,994000,1,994000,0,0,0,0,994000,1,994000,0,0,0,0,994000,1,994000,0,0,0,0,994000,1,994000,0,0,0,0,994000,1,994000,0,0,0,0,994000,1,994000,0,0,0,0,994000,1,994000,0,0,0,0,994000,1,994000,0,0,0,0,994000,1,994000,0,0,0,0,994000,1
ＯＰＣ,開発,藤後,A0,ANA様AGMC向け  AOSMS手順書実行,5b ｾﾝﾀｰ利用型運用保守サービス,103,AOSMS,EIT,ISID,内,OPC,ヒト,継続,B7D,BSその他,109000,0,0,0,0,109000,1,109000,0,0,0,0,109000,1,48000,0,0,0,0,48000,1,48000,0,0,0,0,48000,1,48000,0,0,0,0,48000,1,40000,0,0,0,0,40000,1,40000,0,0,0,0,40000,1,40000,0,0,0,0,40000,1,40000,0,0,0,0,40000,1,40000,0,0,0,0,40000,1,40000,0,0,0,0,40000,1,40000,0,0,0,0,40000,1
ＯＰＣ,開発,藤後,A0,STR PAS向け  AOSMS手順書実行,5b ｾﾝﾀｰ利用型運用保守サービス,103,AOSMS,BS,ISID,内,OPC,ヒト,継続,B15,STRAVIS（クラウド）,13600,0,0,0,0,13600,1,13600,0,0,0,0,13600,1,13600,0,0,0,0,13600,1,13600,0,0,0,0,13600,1,13600,0,0,0,0,13600,1,13600,0,0,0,0,13600,1,13600,0,0,0,0,13600,1,13600,0,0,0,0,13600,1,13600,0,0,0,0,13600,1,13600,0,0,0,0,13600,1,13600,0,0,0,0,13600,1,13600,0,0,0,0,13600,1
ＯＰＣ,開発,藤後,A0,AIRDO様向け AOSMS手順書実行,5b ｾﾝﾀｰ利用型運用保守サービス,103,AOSMS,EIT,ISID,内,OPC,ヒト,継続,B7D,BSその他,65000,0,0,0,0,65000,1,65000,0,0,0,0,65000,1,65000,0,0,0,0,65000,1,65000,0,0,0,0,65000,1,65000,0,0,0,0,65000,1,65000,0,0,0,0,65000,1,65000,0,0,0,0,65000,1,65000,0,0,0,0,65000,1,65000,0,0,0,0,65000,1,65000,0,0,0,0,65000,1,65000,0,0,0,0,65000,1,65000,0,0,0,0,65000,1
ＯＰＣ,開発,藤後,A0,ACXEL向け  AOSMS手順書実行,5b ｾﾝﾀｰ利用型運用保守サービス,103,AOSMS,EIT,ISID,内,OPC,ヒト,継続,B5C,SAP関連その他,15000,0,0,0,0,15000,1,15000,0,0,0,0,15000,1,15000,0,0,0,0,15000,1,15000,0,0,0,0,15000,1,15000,0,0,0,0,15000,1,15000,0,0,0,0,15000,1,15000,0,0,0,0,15000,1,15000,0,0,0,0,15000,1,15000,0,0,0,0,15000,1,15000,0,0,0,0,15000,1,15000,0,0,0,0,15000,1,15000,0,0,0,0,15000,1
ＯＰＣ,営業,戸村,A0,日活様向け  AOSMS手順書実行,5b ｾﾝﾀｰ利用型運用保守サービス,103,AOSMS,EIT,ISID,内,OPC,ヒト,継続,B5C,SAP関連その他,2000,0,0,0,0,2000,1,2000,0,0,0,0,2000,1,2000,0,0,0,0,2000,1,2000,0,0,0,0,2000,1,2000,0,0,0,0,2000,1,2000,0,0,0,0,2000,1,2000,0,0,0,0,2000,1,2000,0,0,0,0,2000,1,2000,0,0,0,0,2000,1,2000,0,0,0,0,2000,1,2000,0,0,0,0,2000,1,2000,0,0,0,0,2000,1
ＯＰＣ,営業,戸村,A0,ケイテック様向け  AOSMS手順書実行,5b ｾﾝﾀｰ利用型運用保守サービス,103,AOSMS,EIT,ISID,内,OPC,ヒト,継続,B5C,SAP関連その他,12000,0,0,0,0,12000,1,12000,0,0,0,0,12000,1,12000,0,0,0,0,12000,1,12000,0,0,0,0,12000,1,12000,0,0,0,0,12000,1,12000,0,0,0,0,12000,1,12000,0,0,0,0,12000,1,12000,0,0,0,0,12000,1,12000,0,0,0,0,12000,1,12000,0,0,0,0,12000,1,12000,0,0,0,0,12000,1,12000,0,0,0,0,12000,1
ＯＰＣ,開発,藤後,A0,YAMAHA様向け AOSMS手順書実行,5b ｾﾝﾀｰ利用型運用保守サービス,103,AOSMS,EIT,ISID,内,OPC,ヒト,継続,B7D,BSその他,2000,0,0,0,0,2000,1,2000,0,0,0,0,2000,1,2000,0,0,0,0,2000,1,2000,0,0,0,0,2000,1,2000,0,0,0,0,2000,1,2000,0,0,0,0,2000,1,2000,0,0,0,0,2000,1,2000,0,0,0,0,2000,1,2000,0,0,0,0,2000,1,2000,0,0,0,0,2000,1,2000,0,0,0,0,2000,1,2000,0,0,0,0,2000,1
ＯＰＣ,開発,藤後,A0,DMAP向け  AOSMS手順書実行,5b ｾﾝﾀｰ利用型運用保守サービス,103,AOSMS,CIT,ISID,内,OPC,ヒト,継続,C63,ISID独自 ISID,2000,0,0,0,0,2000,1,2000,0,0,0,0,2000,1,2000,0,0,0,0,2000,1,2000,0,0,0,0,2000,1,2000,0,0,0,0,2000,1,2000,0,0,0,0,2000,1,2000,0,0,0,0,2000,1,2000,0,0,0,0,2000,1,2000,0,0,0,0,2000,1,2000,0,0,0,0,2000,1,2000,0,0,0,0,2000,1,2000,0,0,0,0,2000,1
ＯＰＣ,営業,中村,A0,ホームロジスティクス様向け TMSシステム運用サービス,5b ｾﾝﾀｰ利用型運用保守サービス,103,AOSMS,EIT,ISID,内,OPC,ヒト,継続,B7D,BSその他,300000,0,0,0,0,300000,1,300000,0,0,0,0,300000,1,300000,0,0,0,0,300000,1,300000,0,0,0,0,300000,1,300000,0,0,0,0,300000,1,300000,0,0,0,0,300000,1,300000,0,0,0,0,300000,1,300000,0,0,0,0,300000,1,300000,0,0,0,0,300000,1,300000,0,0,0,0,300000,1,300000,0,0,0,0,300000,1,300000,0,0,0,0,300000,1
ＯＰＣ,開発,藤後,A0,富士ケミカル様向け AOSMS手順書実行,5b ｾﾝﾀｰ利用型運用保守サービス,103,AOSMS,EIT,ISID,内,OPC,ヒト,継続,B7D,BSその他,63000,0,0,0,0,63000,1,63000,0,0,0,0,63000,1,63000,0,0,0,0,63000,1,63000,0,0,0,0,63000,1,63000,0,0,0,0,63000,1,63000,0,0,0,0,63000,1,63000,0,0,0,0,63000,1,63000,0,0,0,0,63000,1,63000,0,0,0,0,63000,1,63000,0,0,0,0,63000,1,63000,0,0,0,0,63000,1,63000,0,0,0,0,63000,1
ＯＰＣ,開発,藤後,A0,デンソー様向け AOSMS手順書実行,5b ｾﾝﾀｰ利用型運用保守サービス,103,AOSMS,EIT,ISID,内,OPC,ヒト,継続,B7D,BSその他,10000,0,0,0,0,10000,1,10000,0,0,0,0,10000,1,10000,0,0,0,0,10000,1,10000,0,0,0,0,10000,1,10000,0,0,0,0,10000,1,10000,0,0,0,0,10000,1,10000,0,0,0,0,10000,1,10000,0,0,0,0,10000,1,10000,0,0,0,0,10000,1,10000,0,0,0,0,10000,1,10000,0,0,0,0,10000,1,10000,0,0,0,0,10000,1
ＯＰＣ,開発,藤後,A0,東映アニメーション様向け AOSMS手順書実行,5b ｾﾝﾀｰ利用型運用保守サービス,103,AOSMS,EIT,ISID,内,OPC,ヒト,継続,B7D,BSその他,10000,0,0,0,0,10000,1,10000,0,0,0,0,10000,1,10000,0,0,0,0,10000,1,0,0,0,0,0,0,0,0,0,0,0,0,0,0,0,0,0,0,0,0,0,0,0,0,0,0,0,0,0,0,0,0,0,0,0,0,0,0,0,0,0,0,0,0,0,0,0,0,0,0,0,0,0,0,0,0,0,0,0,0,0,0,0
ＯＰＣ,開発,藤後,A0,東京インキ様向け AOSMS手順書実行,5b ｾﾝﾀｰ利用型運用保守サービス,103,AOSMS,EIT,ISID,内,OPC,ヒト,継続,B7D,BSその他,12000,0,0,0,0,12000,1,12000,0,0,0,0,12000,1,12000,0,0,0,0,12000,1,12000,0,0,0,0,12000,1,12000,0,0,0,0,12000,1,12000,0,0,0,0,12000,1,12000,0,0,0,0,12000,1,12000,0,0,0,0,12000,1,12000,0,0,0,0,12000,1,12000,0,0,0,0,12000,1,12000,0,0,0,0,12000,1,12000,0,0,0,0,12000,1
ＯＰＣ,開発,藤後,A0,ANA EARTH様向け AOSMS手順書実行,5b ｾﾝﾀｰ利用型運用保守サービス,103,AOSMS,EIT,ISID,内,OPC,ヒト,継続,B7D,BSその他,392000,0,0,0,0,392000,1,392000,0,0,0,0,392000,1,392000,0,0,0,0,392000,1,392000,0,0,0,0,392000,1,392000,0,0,0,0,392000,1,392000,0,0,0,0,392000,1,392000,0,0,0,0,392000,1,392000,0,0,0,0,392000,1,392000,0,0,0,0,392000,1,392000,0,0,0,0,392000,1,392000,0,0,0,0,392000,1,392000,0,0,0,0,392000,1
ＯＰＣ,開発,藤後,A0,三菱UFJファクタ様向け AOSMS手順書実行,5b ｾﾝﾀｰ利用型運用保守サービス,103,AOSMS,EIT,ISID,内,OPC,ヒト,継続,B7D,BSその他,22000,0,0,0,0,22000,1,22000,0,0,0,0,22000,1,22000,0,0,0,0,22000,1,22000,0,0,0,0,22000,1,22000,0,0,0,0,22000,1,22000,0,0,0,0,22000,1,22000,0,0,0,0,22000,1,22000,0,0,0,0,22000,1,22000,0,0,0,0,22000,1,22000,0,0,0,0,22000,1,22000,0,0,0,0,22000,1,22000,0,0,0,0,22000,1
ＯＰＣ,開発,藤後,A0,IB投信向け  AOSMS手順書実行,5b ｾﾝﾀｰ利用型運用保守サービス,103,AOSMS,その他,ISID,内,OPC,ヒト,継続,X21,社内システム_ビジ統,62000,0,0,0,0,62000,1,62000,0,0,0,0,62000,1,62000,0,0,0,0,62000,1,62000,0,0,0,0,62000,1,62000,0,0,0,0,62000,1,62000,0,0,0,0,62000,1,62000,0,0,0,0,62000,1,62000,0,0,0,0,62000,1,62000,0,0,0,0,62000,1,62000,0,0,0,0,62000,1,62000,0,0,0,0,62000,1,62000,0,0,0,0,62000,1
ＯＰＣ,開発,藤後,A0,北都格付向け  AOSMS手順書実行,5b ｾﾝﾀｰ利用型運用保守サービス,103,AOSMS,その他,ISID,内,OPC,ヒト,継続,X21,社内システム_ビジ統,4000,0,0,0,0,4000,1,4000,0,0,0,0,4000,1,4000,0,0,0,0,4000,1,4000,0,0,0,0,4000,1,4000,0,0,0,0,4000,1,4000,0,0,0,0,4000,1,4000,0,0,0,0,4000,1,4000,0,0,0,0,4000,1,4000,0,0,0,0,4000,1,4000,0,0,0,0,4000,1,4000,0,0,0,0,4000,1,4000,0,0,0,0,4000,1
ＯＰＣ,開発,藤後,A0,レリアン様向け  AOSMS手順書実行,5b ｾﾝﾀｰ利用型運用保守サービス,103,AOSMS,その他,ISID,内,OPC,ヒト,継続,X21,社内システム_ビジ統,110000,0,0,0,0,110000,1,110000,0,0,0,0,110000,1,110000,0,0,0,0,110000,1,110000,0,0,0,0,110000,1,110000,0,0,0,0,110000,1,110000,0,0,0,0,110000,1,110000,0,0,0,0,110000,1,110000,0,0,0,0,110000,1,110000,0,0,0,0,110000,1,110000,0,0,0,0,110000,1,110000,0,0,0,0,110000,1,110000,0,0,0,0,110000,1
ＯＰＣ,開発,藤後,A0,SFX向け  AOSMS手順書実行,5b ｾﾝﾀｰ利用型運用保守サービス,103,AOSMS,その他,ISID,内,OPC,ヒト,継続,X21,社内システム_ビジ統,2000,0,0,0,0,2000,1,2000,0,0,0,0,2000,1,2000,0,0,0,0,2000,1,2000,0,0,0,0,2000,1,2000,0,0,0,0,2000,1,2000,0,0,0,0,2000,1,2000,0,0,0,0,2000,1,2000,0,0,0,0,2000,1,2000,0,0,0,0,2000,1,2000,0,0,0,0,2000,1,2000,0,0,0,0,2000,1,2000,0,0,0,0,2000,1
ＯＰＣ,開発,藤後,A0,SFX-DR向け  AOSMS手順書実行,5b ｾﾝﾀｰ利用型運用保守サービス,103,AOSMS,その他,ISID,内,OPC,ヒト,継続,X21,社内システム_ビジ統,2000,0,0,0,0,2000,1,2000,0,0,0,0,2000,1,2000,0,0,0,0,2000,1,2000,0,0,0,0,2000,1,7000,0,0,0,0,7000,1,7000,0,0,0,0,7000,1,7000,0,0,0,0,7000,1,7000,0,0,0,0,7000,1,7000,0,0,0,0,7000,1,7000,0,0,0,0,7000,1,7000,0,0,0,0,7000,1,7000,0,0,0,0,7000,1
ＯＰＣ,開発,藤後,A0,セブン銀行様向け  AOSMS手順書実行・(CLOUDIS合算）,5b ｾﾝﾀｰ利用型運用保守サービス,103,AOSMS,その他,ISID,内,OPC,ヒト,継続,X21,社内システム_ビジ統,333000,0,0,0,0,333000,1,333000,0,0,0,0,333000,1,333000,0,0,0,0,333000,1,18000,0,0,0,0,18000,1,18000,0,0,0,0,18000,1,18000,0,0,0,0,18000,1,0,0,0,0,0,0,0,0,0,0,0,0,0,0,0,0,0,0,0,0,0,0,0,0,0,0,0,0,0,0,0,0,0,0,0,0,0,0,0,0,0,0
ＯＰＣ,開発,藤後,A0,セブン銀行様DR向け  AOSMS手順書実行,5b ｾﾝﾀｰ利用型運用保守サービス,103,AOSMS,その他,ISID,内,OPC,ヒト,継続,X21,社内システム_ビジ統,266000,0,0,0,0,266000,1,266000,0,0,0,0,266000,1,266000,0,0,0,0,266000,1,0,0,0,0,0,0,0,0,0,0,0,0,0,0,0,0,0,0,0,0,0,0,0,0,0,0,0,0,0,0,0,0,0,0,0,0,0,0,0,0,0,0,0,0,0,0,0,0,0,0,0,0,0,0,0,0,0,0,0,0,0,0,0
ＯＰＣ,開発,藤後,A0,スルガ銀行様DR向け  AOSMS手順書実行,5b ｾﾝﾀｰ利用型運用保守サービス,103,AOSMS,その他,ISID,内,OPC,ヒト,継続,X21,社内システム_ビジ統,0,0,0,0,0,0,0,0,0,0,0,0,0,0,0,0,0,0,0,0,0,0,0,0,0,0,0,0,10000,0,0,0,0,0,0,0,0,0,0,0,0,0,0,0,0,0,0,0,0,0,0,0,0,0,0,0,0,0,0,0,0,0,0,0,0,0,0,0,0,0,0,0,0,0,0,0,0,0,0,0,0,0,0,0
ＯＰＣ,開発,藤後,A0,CLOUDiS管理系　初期費用,5b ｾﾝﾀｰ利用型運用保守サービス,103,AOSMS,その他,ISID,内,OPC,ヒト,継続,X21,社内システム_ビジ統,0,0,0,0,0,0,0,0,0,0,0,0,0,0,0,0,0,0,0,0,0,0,0,0,0,0,0,0,200000,0,0,0,0,0,0,0,0,0,0,0,0,0,0,0,0,0,0,0,0,0,0,0,0,0,0,0,0,0,0,0,0,0,0,0,0,0,0,0,0,0,0,0,0,0,0,0,0,0,0,0,0,0,0,0
ＯＰＣ,,,,(ヘルプデスク　OKBIZ.系）,,,,,,,,,,,,,,,,,,,,,,,,,,,,,,,,,,,,,,,,,,,,,,,,,,,,,,,,,,,,,,,,,,,,,,,,,,,,,,,,,,,,,,,,,,,,,,,
ＯＰＣ,開発,藤後,A0,ISIDグループ サポートデスク向け運用ツール導入・運用支援,5a 個別運用保守サービス,501,ヘルプデスク,その他,ISID,内,OPC,ヒト,継続,Y11,社内システム_技術統括本部,291000,0,0,0,0,291000,1,291000,0,0,0,0,291000,1,291000,0,0,0,0,291000,1,283000,0,0,0,0,283000,1,283000,0,0,0,0,283000,1,291000,0,0,0,0,291000,1,291000,0,0,0,0,291000,1,291000,0,0,0,0,291000,1,291000,0,0,0,0,291000,1,291000,0,0,0,0,291000,1,291000,0,0,0,0,291000,1,291000,0,0,0,0,291000,1
ＯＰＣ,開発,藤後,A0,STRAVISサポート向け運用ツール利用環境提供,5a 個別運用保守サービス,501,ヘルプデスク,BS,ISID,内,OPC,ヒト,新規,B7D,BSその他,175000,0,0,0,0,175000,1,175000,0,0,0,0,175000,1,175000,0,0,0,0,175000,1,175000,0,0,0,0,175000,1,175000,0,0,0,0,175000,1,175000,0,0,0,0,175000,1,175000,0,0,0,0,175000,1,175000,0,0,0,0,175000,1,175000,0,0,0,0,175000,1,175000,0,0,0,0,175000,1,175000,0,0,0,0,175000,1,175000,0,0,0,0,175000,1
ＯＰＣ,,,,(ISID 電話系サポート系）,,,,,,,,,,,,,,,,,,,,,,,,,,,,,,,,,,,,,,,,,,,,,,,,,,,,,,,,,,,,,,,,,,,,,,,,,,,,,,,,,,,,,,,,,,,,,,,
ＯＰＣ,開発,藤後,A0,(バスケツト原価),5a 個別運用保守サービス,501,ヘルプデスク,その他,ISID,内,OPC,ヒト,継続,Y11,社内システム_技術統括本部,0,2923000,,267548,1763418,-4953966,0,0,2908853,,267548,1663825,-4840226,0,0,2980000,,297639,1705582,-4983221,0,0,3082000,,266048,1380259,-4728307,0,0,2890000,,266048,1263695,-4419743,0,0,2920000,,295000,1050000,-4265000,0,0,2920000,,295000,1050000,-4265000,0,0,2920000,,295000,1050000,-4265000,0,0,2920000,,295000,1050000,-4265000,0,0,2920000,,295000,1050000,-4265000,0,0,2920000,,295000,1050000,-4265000,0,0,2920000,,295000,1050000,-4265000,0
ＯＰＣ,営業,戸村,A0,ISID-スマホ運用サポート,5a 個別運用保守サービス,501,ヘルプデスク,その他,ISID,内,OPC,ヒト,継続,Y11,社内システム_技術統括本部,2440000,0,0,0,0,2440000,1,2440000,0,0,0,0,2440000,1,2440000,0,0,0,0,2440000,1,2440000,0,0,0,0,2440000,1,2440000,0,0,0,0,2440000,1,2440000,0,0,0,0,2440000,1,2440000,0,0,0,0,2440000,1,2440000,0,0,0,0,2440000,1,2440000,0,0,0,0,2440000,1,2440000,0,0,0,0,2440000,1,2440000,0,0,0,0,2440000,1,2440000,0,0,0,0,2440000,1
ＯＰＣ,営業,戸村,A0,ISID-PBX運用,5a 個別運用保守サービス,501,ヘルプデスク,その他,ISID,内,OPC,ヒト,新規,Y11,社内システム_技術統括本部,3240000,0,0,0,0,3240000,1,3240000,0,0,0,0,3240000,1,3240000,0,0,0,0,3240000,1,2290000,0,0,0,0,2290000,1,2290000,0,0,0,0,2290000,1,2290000,0,0,0,0,2290000,1,2290000,0,0,0,0,2290000,1,2290000,0,0,0,0,2290000,1,2290000,0,0,0,0,2290000,1,2290000,0,0,0,0,2290000,1,2290000,0,0,0,0,2290000,1,2290000,0,0,0,0,2290000,1
ＯＰＣ,営業,戸村,A0,ISID総務向け　住友電設作業（電話系）,5a 個別運用保守サービス,501,ヘルプデスク,その他,ISID,内,OPC,ヒト,新規,Y11,社内システム_技術統括本部,412500,0,0,0,0,412500,1,450000,0,0,0,0,450000,1,746250,0,0,0,0,746250,1,487500,0,0,0,0,487500,1,412500,0,0,0,0,412500,1,487500,0,0,0,0,487500,1,450000,0,0,0,0,450000,1,450000,0,0,0,0,450000,1,450000,0,0,0,0,450000,1,450000,0,0,0,0,450000,1,450000,0,0,0,0,450000,1,450000,0,0,0,0,450000,1
ＯＰＣ,営業,戸村,A0,ISID総務向け　住友電設作業（NW系）,5a 個別運用保守サービス,501,ヘルプデスク,その他,ISID,内,OPC,ヒト,新規,Y11,社内システム_技術統括本部,850000,0,0,0,0,850000,1,850000,0,0,0,0,850000,1,850000,0,0,0,0,850000,1,900000,0,0,0,0,900000,1,900000,0,0,0,0,900000,1,900000,0,0,0,0,900000,1,900000,0,0,0,0,900000,1,900000,0,0,0,0,900000,1,900000,0,0,0,0,900000,1,900000,0,0,0,0,900000,1,900000,0,0,0,0,900000,1,900000,0,0,0,0,900000,1
ＯＰＣ,営業,戸村,A0,ITID 固定電話新設,5a 個別運用保守サービス,704,システム運用・保守,その他,ISID,内,OPC,ヒト,継続,Y11,社内システム_技術統括本部,0,0,0,0,0,0,0,0,0,0,0,0,0,0,0,0,0,0,0,0,0,0,0,0,0,0,0,0,20900,0,0,0,0,20900,1,0,0,0,0,0,0,0,0,0,0,0,0,0,0,0,0,0,0,0,0,0,0,0,0,0,0,0,0,0,0,0,0,0,0,0,0,0,0,0,0,0,0,0,0,0,0,0,0,0
ＯＰＣ,,,,(ISID G*Link系）,,,,,,,,,,,,,,,,,,,,,,,,,,,,,,,,,,,,,,,,,,,,,,,,,,,,,,,,,,,,,,,,,,,,,,,,,,,,,,,,,,,,,,,,,,,,,,,
ＯＰＣ,営業,戸村,A0,ISID G*Link使用料,5a 個別運用保守サービス,704,システム運用・保守,その他,ISID,内,OPC,ヒト,継続,B7D,BSその他,345000,0,0,99582,132675,112743,0.327,321000,0,0,194124,268366,-141490,-0.441,321000,0,0,-77673,-66236,464909,1.448,400000,0,0,81911,86173,231916,0.58,316000,0,0,70591,47880,197529,0.625,321000,0,0,75000,111000,135000,0.421,321000,0,0,75000,111000,135000,0.421,321000,0,0,75000,111000,135000,0.421,321000,0,0,75000,111000,135000,0.421,321000,0,0,75000,111000,135000,0.421,321000,0,0,75000,111000,135000,0.421,321000,0,0,75000,111000,135000,0.421
ＯＰＣ,営業,戸村,A0,静岡銀行リモート保守ネットワーク更改構築,5a 個別運用保守サービス,704,システム運用・保守,その他,ISID,内,OPC,ヒト,継続,B7D,BSその他,0,0,0,0,0,0,0,0,0,0,0,0,0,0,753000,0,0,164814,255427,332759,0.442,0,0,0,0,0,0,0,0,0,0,0,0,0,0,0,0,0,0,0,0,0,0,0,0,0,0,0,0,0,0,0,0,0,0,0,0,0,0,0,0,0,0,0,0,0,0,0,0,0,0,0,0,0,0,0,0,0,0,0,0,0,0,0
ＯＰＣ,,,,(浦和オペレーショングループ),,,,,,,,,,,,,,,,,,,,,,,,,,,,,,,,,,,,,,,,,,,,,,,,,,,,,,,,,,,,,,,,,,,,,,,,,,,,,,,,,,,,,,,,,,,,,,,
ＯＰＣ,開発,藤後,C0,(バスケツト原価),5b ｾﾝﾀｰ利用型運用保守サービス,704,システム運用・保守,BS,JA埼玉,外,OPC,ヒト,継続,C9D,CIT  SI BSその他,0,1754775,,0,3404941,-5159716,0,0,1595562,,0,3211189,-4806751,0,0,1753425,,0,3420312,-5173737,0,0,1804000,,1680,3781102,-5586782,0,0,1821000,,0,3717748,-5538748,0,0,1850000,,0,3600000,-5450000,0,0,1850000,,0,3600000,-5450000,0,0,1850000,,0,3600000,-5450000,0,0,1850000,,0,3600000,-5450000,0,0,1850000,,0,3600000,-5450000,0,0,1850000,,0,3600000,-5450000,0,0,1850000,,0,3600000,-5450000,0
ＯＰＣ,開発,藤後,A0,JA埼玉電算システム運用業務,5c 業務受託サービス,704,システム運用・保守,BS,JA埼玉,外,OPC,ヒト,継続,C9D,CIT  SI BSその他,6700000,0,0,0,0,6700000,1,6700000,0,0,0,0,6700000,1,6700000,0,0,0,0,6700000,1,6700000,0,0,0,0,6700000,1,6700000,0,0,0,0,6700000,1,6700000,0,0,0,0,6700000,1,6700000,0,0,0,0,6700000,1,6700000,0,0,0,0,6700000,1,6700000,0,0,0,0,6700000,1,6700000,0,0,0,0,6700000,1,6700000,0,0,0,0,6700000,1,6700000,0,0,0,0,6700000,1
ＯＰＣ,開発,藤後,A0,JA埼玉電算システム運用業務(新規案件),5c 業務受託サービス,704,システム運用・保守,BS,JA埼玉,外,OPC,ヒト,継続,C9D,CIT  SI BSその他,509175,0,0,0,0,509175,1,509175,0,0,0,0,509175,1,622325,0,0,0,0,622325,1,537463,0,0,0,0,537463,1,509175,0,0,0,0,509175,1,500000,0,0,0,0,500000,1,500000,0,0,0,0,500000,1,500000,0,0,0,0,500000,1,500000,0,0,0,0,500000,1,500000,0,0,0,0,500000,1,500000,0,0,0,0,500000,1,500000,0,0,0,0,500000,1
ＯＰＣ,,,,(ISIDグループサポートデスク）,,,,,,,,,,,,,,,,,,,,,,,,,,,,,,,,,,,,,,,,,,,,,,,,,,,,,,,,,,,,,,,,,,,,,,,,,,,,,,,,,,,,,,,,,,,,,,,
ＯＰＣ,開発,瀬賀,A0,I-ISOS ITインフラ運用(ベース),5a 個別運用保守サービス,501,ヘルプデスク,その他,ISID,内,OPC,ヒト,継続,Y11,社内システム_技術統括本部,8034000,3611340,0,0,3280307,1142353,0.142,8034000,3464000,0,0,3610298,959702,0.119,9080000,4244800,0,0,3662880,1172320,0.129,9000000,4338700,0,0,3681631,979669,0.109,8100000,3400000,0,0,3436268,1263732,0.156,7150000,2800000,0,0,2800000,1550000,0.217,7150000,2800000,0,0,2800000,1550000,0.217,7150000,2800000,0,0,2800000,1550000,0.217,7150000,2800000,0,0,2800000,1550000,0.217,7150000,2800000,0,0,2800000,1550000,0.217,7150000,2800000,0,0,2800000,1550000,0.217,7150000,2800000,0,0,2800000,1550000,0.217
ＯＰＣ,開発,瀬賀,A0,I-ISOS ITインフラ運用(近藤分),5a 個別運用保守サービス,501,ヘルプデスク,その他,ISID,内,OPC,ヒト,継続,Y11,社内システム_技術統括本部,166000,0,0,0,132610,33390,0.201,166000,0,0,0,0,166000,1,0,0,0,0,0,0,0,0,0,0,0,0,0,0,0,0,0,0,0,0,0,277000,0,0,0,221018,55982,0.202,277000,0,0,0,221018,55982,0.202,277000,0,0,0,221018,55982,0.202,277000,0,0,0,221018,55982,0.202,277000,0,0,0,221018,55982,0.202,277000,0,0,0,221018,55982,0.202,277000,0,0,0,221018,55982,0.202
ＯＰＣ,開発,瀬賀,A0,ITID社内インフラ運用支援,5a 個別運用保守サービス,704,システム運用・保守,その他,ISID,内,OPC,ヒト,継続,Y11,社内システム_技術統括本部,740000,60000,0,0,546305,133695,0.181,740000,60000,0,0,614892,65108,0.088,740000,60000,0,0,518100,161900,0.219,740000,60000,0,0,503367,176633,0.239,740000,60000,0,0,565497,114503,0.155,740000,60000,0,0,530000,150000,0.203,740000,60000,0,0,530000,150000,0.203,740000,60000,0,0,530000,150000,0.203,740000,60000,0,0,530000,150000,0.203,740000,60000,0,0,530000,150000,0.203,740000,60000,0,0,530000,150000,0.203,740000,60000,0,0,530000,150000,0.203
ＯＰＣ,開発,瀬賀,A0,ISID健康管理室ヘルスキーパーPCサポート,5a 個別運用保守サービス,704,システム運用・保守,その他,ISID,内,OPC,ヒト,継続,Y11,社内システム_技術統括本部,52500,0,0,0,39730,12770,0.243,52500,0,0,0,44719,7781,0.148,52500,0,0,0,37679,14821,0.282,52500,0,0,0,37056,15444,0.294,52500,0,0,0,41126,11374,0.217,52500,0,0,0,38000,14500,0.276,52500,0,0,0,38000,14500,0.276,52500,0,0,0,38000,14500,0.276,52500,0,0,0,38000,14500,0.276,52500,0,0,0,38000,14500,0.276,52500,0,0,0,38000,14500,0.276,52500,0,0,0,38000,14500,0.276
,,,,(ビジネスコンサルティング部）,,,,,,,,,,,,,,,,,,,,,,,,,,,,,,,,,,,,,,,,,,,,,,,,,,,,,,,,,,,,,,,,,,,,,,,,,,,,,,,,,,,,,,,,,,,,,,,
CON,,,L,(バスケツト原価),1  コンサルティングサービス,1,コンサルテイングサービス,その他,,外,CON,ヒト,継続,B7D,BSその他,0,0,0,0,0,0,-,0,0,0,0,0,0,-,0,0,0,0,0,0,-,0,0,0,0,0,0,-,0,0,220000,0,1200000,-1420000,-,0,0,220000,0,1200000,-1420000,-,0,0,220000,0,1200000,-1420000,-,0,0,220000,0,1200000,-1420000,-,0,0,220000,0,1200000,-1420000,-,0,0,220000,0,1200000,-1420000,-,0,0,220000,0,1200000,-1420000,-,0,0,220000,0,1200000,-1420000,-
CON,開発,白鳥,A1,JAREA-PMO業務支援（継続）,1  コンサルティングサービス,1,コンサルテイングサービス,その他,JAREA,外,CON,ヒト,継続,B7D,BSその他,1600000,583778,0,6290,642751,367181,0.229,1600000,530450,0,5032,362201,702317,0.439,1600000,601204,0,6290,882903,109603,0.069,1600000,617889,0,5032,618911,358168,0.224,1600000,542749,0,3774,645374,408103,0.255,1600000,0,0,15000,1030000,555000,0.347,1600000,0,0,15000,1030000,555000,0.347,1600000,0,0,15000,1030000,555000,0.347,1600000,0,0,15000,1030000,555000,0.347,1600000,0,0,15000,1030000,555000,0.347,1600000,0,0,15000,1030000,555000,0.347,1600000,0,0,15000,1030000,555000,0.347
CON,開発,白鳥,C1,JAREA企画支援（2020年度4Q）,1  コンサルティングサービス,1,コンサルテイングサービス,その他,JAREA,外,CON,ヒト,継続,B7D,BSその他,,,,,,,,,,,,,,,1500000,0,0,0,1344774,155226,0.103,,,,,,,,,,,,,,,,,,,,,,,,,,,,,,,,,,,,,,,,,,,,,,,,,,,,,,,,,,,,,,,
CON,開発,白鳥,C1,JAREA企画支援（2021年度1Q）,1  コンサルティングサービス,1,コンサルテイングサービス,その他,JAREA,外,CON,ヒト,継続,B7D,BSその他,,,,,,,,,,,,,,,,,,,,,,,,,,,,,,,,,,,,1500000,0,0,10000,1050000,440000,0.293,,,,,,,,,,,,,,,,,,,,,,,,,,,,,,,,,,,,,,,,,,
CON,開発,白鳥,C1,JAREA企画支援（2021年度2Q）,1  コンサルティングサービス,1,コンサルテイングサービス,その他,JAREA,外,CON,ヒト,継続,B7D,BSその他,,,,,,,,,,,,,,,,,,,,,,,,,,,,,,,,,,,,,,,,,,,,,,,,,,,,,,,,,1500000,0,0,10000,1050000,440000,0.293,,,,,,,,,,,,,,,,,,,,,
CON,開発,白鳥,C1,JAREA企画支援（2021年度3Q）,1  コンサルティングサービス,1,コンサルテイングサービス,その他,JAREA,外,CON,ヒト,継続,B7D,BSその他,,,,,,,,,,,,,,,,,,,,,,,,,,,,,,,,,,,,,,,,,,,,,,,,,,,,,,,,,,,,,,,,,,,,,,,,,,,,,,1500000,0,0,10000,1050000,440000,0.293
CON,開発,白鳥,A0,JAREA Web会議システム導入支援,1  コンサルティングサービス,1,コンサルテイングサービス,その他,JAREA,外,CON,ヒト,継続,B7D,BSその他,,,,,,,,380000,0,0,0,331274,48726,0.128,,,,,,,,,,,,,,,,,,,,,,,,,,,,,,,,,,,,,,,,,,,,,,,,,,,,,,,,,,,,,,,,,,,,,,
CON,開発,白鳥,C1,JAREA-周辺システム導入支援,1  コンサルティングサービス,1,コンサルテイングサービス,その他,JAREA,外,CON,ヒト,継続,B7D,BSその他,,,,,,,,,,,,,,,1650000,0,0,0,1421040,228960,0.139,,,,,,,,,,,,,,,,,,,,,,,,,,,,,,,,,,,,,,,,,,,,,,,,,,,,,,,,,,,,,,,
CON,開発,白鳥,A1,一橋大学大学院 国際企業戦略専攻,1  コンサルティングサービス,1,コンサルテイングサービス,その他,一橋大学,外,CON,ヒト,継続,B7D,BSその他,,,,,,,,,,,,,,,2272500,0,0,1145,1947826,323529,0.142,,,,,,,,,,,,,,,,,,,,,,,,,,,,,,,,,,,,,,,,,,,,,,,,,,,,,,,,,,,,,,,
CON,開発,白鳥,A1,"新規コンサル案件-1
(エスアールエル　新基幹システム構築プロジェクト支援(2021年1月から3月))",1  コンサルティングサービス,1,コンサルテイングサービス,その他,SRL,外,CON,ヒト,継続,B7D,BSその他,,,,,,,,,,,,,,,3600000,0,0,8612,1496610,2094778,0.582,1200000,0,0,6371,566301,627328,0.523,1200000,0,0,2262,410263,787475,0.656,1200000,0,0,6371,566301,627328,0.523,,,,,,,,,,,,,,,,,,,,,,,,,,,,,,,,,,,,,,,,,,
CON,開発,白鳥,A1,"新規コンサル案件-2　JAREA
（周辺システム連携改修のリリース支援）",1  コンサルティングサービス,1,コンサルテイングサービス,その他,JAREA,外,CON,ヒト,継続,B7D,BSその他,,,,,,,,,,,,,,,,,,,,,,,,,,,0,-,900000,0,0,0,796456,103544,0.115,,,,,,,,,,,,,,,,,,,,,,,,,,,,,,,,,,,,,,,,,,,,,,,,,
CON,開発,白鳥,L,新規コンサル案件-3 人給BPO 3F 業務へ,1  コンサルティングサービス,1,コンサルテイングサービス,その他,未定,外,CON,ヒト,新規,B7D,BSその他,,,,,,,,,,,,,,,,,,,,,,,,,,,,,,,,,,,,,,,,,,,,,,,,,,,,,,,,,,,,,,,,,,,,,,,,,,,,,,,,,,,,
CON,開発,白鳥,L,新規コンサル案件-4　人給BPO 3F 業務へ,1  コンサルティングサービス,1,コンサルテイングサービス,その他,未定,外,CON,ヒト,新規,B7D,BSその他,,,,,,,,,,,,,,,,,,,,,,,,,,,,,,,,,,,,3000000,0,0,15000,2400000,585000,0.195,,,,,,,,,,,,,,,,,,,,,,,,,,,,,,,,,,,,,,,,,,
CON,開発,白鳥,L,新規コンサル案件-5　人給BPO 3F 業務へ,1  コンサルティングサービス,1,コンサルテイングサービス,その他,未定,外,CON,ヒト,新規,B7D,BSその他,,,,,,,,,,,,,,,,,,,,,,,,,,,,,,,,,,,,3000000,0,0,15000,2400000,585000,0.195,,,,,,,,,,,,,,,,,,,,,,,,,,,,,,,,,,,,,,,,,,
CON,開発,白鳥,B0,"新規コンサル案件-6　JAREA
(会員システムリプレース/企画フェーズ・5月~9月）",1  コンサルティングサービス,1,コンサルテイングサービス,その他,JAREA,外,CON,ヒト,新規,B7D,BSその他,,,,,,,,,,,,,,,,,,,,,,,,,,,,,,,,,,,,1700000,0,0,,1400000,300000,0.176,,,,,,,,,,,,,,,3450000,0,0,,2738095,711905,0.206,1150000,0,0,0,912698,237302,0.206,,,,,,,,,,,,,,
CON,開発,白鳥,L,新規コンサル案件-7　人給BPO 3F 開発へ,1  コンサルティングサービス,1,コンサルテイングサービス,その他,未定,外,CON,ヒト,新規,B7D,BSその他,,,,,,,,,,,,,,,,,,,,,,,,,,,,,,,,,,,,,,,,,,,,,,,,,,,,,,,,,,,,,,,,,,,,,,,,,,,,,,3000000,0,0,15000,1800000,1185000,0.395
CON,開発,白鳥,L,新規コンサル案件-8,1  コンサルティングサービス,1,コンサルテイングサービス,その他,未定,外,CON,ヒト,新規,B7D,BSその他,,,,,,,,,,,,,,,3000000,0,0,15000,1200000,1785000,0.595,,,,,,,,,,,,,,,,,,,,,,,,,,,,,,,,,,,,,,,,,,,,,,,,,,,,,,,,,,,,,,,
CON,開発,白鳥,D,新規コンサル案件-9,1  コンサルティングサービス,1,コンサルテイングサービス,その他,未定,外,CON,ヒト,新規,B7D,BSその他,,,,,,,,,,,,,,,,,,,,,,,,,,,,,,,,,,,,,,,,,,,,,,,,,,,,,,,,,,,,,,,,,,,,,,,,,,,,,,3000000,0,0,15000,2200000,785000,0.262
CON,開発,白鳥,D,新規コンサル案件-10,1  コンサルティングサービス,1,コンサルテイングサービス,その他,未定,外,CON,ヒト,新規,B7D,BSその他,,,,,,,,,,,,,,,,,,,,,,,,,,,,,,,,,,,,3000000,0,0,15000,1500000,1485000,0.495,,,,,,,,,,,,,,,,,,,,,,,,,,,,,,,,,,,,,,,,,,
CON,開発,白鳥,D,新規コンサル案件-11,1  コンサルティングサービス,1,コンサルテイングサービス,その他,未定,外,CON,ヒト,新規,B7D,BSその他,,,,,,,,,,,,,,,,,,,,,,,,,,,,,,,,,,,,,,,,,,,,,,,,,,,,,,,,,,,,,,,,,,,,,,,,,,,,,,3000000,0,0,15000,2000000,985000,0.328
CON,開発,白鳥,D,人事給与BPO第3フェーズ【業務】運用設計・検証（BPO部分）,,,,,,,,,,,,,,,,,,,,,,,,,,,,,,,,,,,,,,,,,,,,,,,1600000,,,,1539120,60880,0.038,,,,,,,,,,,,,,,,,,,,,,,,,,,,,,,,,,,,,,,,,,
CON,開発,白鳥,D,人事給与BPO第4フェーズ【業務】運用準備（コンサル部分）,,,,,,,,,,,,,,,,,,,,,,,,,,,,,,,,,,,,,,,,,,,,,,,,,,,,,,,,,,,,,,,,,,,,5400000,,,,3291750,2108250,0.39,,,,,,,,,,,,,,,,,,,,,
CON,開発,白鳥,D,人事給与BPO第4フェーズ【業務】運用準備（BPO部分）,,,,,,,,,,,,,,,,,,,,,,,,,,,,,,,,,,,,,,,,,,,,,,,,,,,,,,,,,,,,,,,,,,,,4500000,,,,3568455,931545,0.207,,,,,,,,,,,,,,,,,,,,,
CON,開発,白鳥,D,人事給与BPO第4フェーズ【開発】システムテスト支援,,,,,,,,,,,,,,,,,,,,,,,,,,,,,,,,,,,,,,,,,,,,,,,,,,,,,,,,,,,,,,,,,,,,1200000,,,,646272,553728,0.461,,,,,,,,,,,,,,,,,,,,,
CON,開発,白鳥,D,人事給与BPO第5フェーズ【業務】並行稼働（コンサル部分）,,,,,,,,,,,,,,,,,,,,,,,,,,,,,,,,,,,,,,,,,,,,,,,,,,,,,,,,,,,,,,,,,,,,,,,,,,,,,,,,,,,,,,,,,5400000,,,,3291750,2108250,0.39
CON,開発,白鳥,D,人事給与BPO第4フェーズ【業務】並行稼働（BPO部分）,,,,,,,,,,,,,,,,,,,,,,,,,,,,,,,,,,,,,,,,,,,,,,,,,,,,,,,,,,,,,,,,,,,,,,,,,,,,,,,,,,,,,,,,,10800000,,,,7977915,2822085,0.261
CON,開発,白鳥,D,人事給与BPO第4フェーズ【開発】並行稼働,,,,,,,,,,,,,,,,,,,,,,,,,,,,,,,,,,,,,,,,,,,,,,,,,,,,,,,,,,,,,,,,,,,,,,,,,,,,,,,,,,,,,,,,,1200000,,,,646272,553728,0.461
CON,開発,白鳥,C1,一橋大学大学院 国際企業戦略専攻(講義サポート）,,,,,,,,,,,,,,,,,,,,,,,,,,,,,,,,,0,0,0,0,0,0,-,0,0,0,0,0,0,-,2640000,0,0,10000,1077120,1552880,0.588,,0,0,,,0,-,,0,0,,,0,-,3960000,0,0,15000,1615680,2329320,0.588,,0,0,,,0,-,,0,0,,,0,-,3960000,0,0,15000,1615680,2329320,0.588
CON,開発,白鳥,D,一橋大学大学院 国際企業戦略専攻（IT資産管理コンサル）,,,,,,,,,,,,,,,,,,,,,,,,,,,,,,,,,,,,,,,,,,,,,,,1100000,0,0,5000,538560,556440,0.506,1100000,0,0,5000,538560,556440,0.506,1100000,0,0,5000,538560,556440,0.506,1100000,0,0,5000,538560,556440,0.506,1100000,0,0,5000,538560,556440,0.506,1100000,0,0,5000,538560,556440,0.506,1100000,0,0,5000,538560,556440,0.506
CON,開発,白鳥,A1,アークアウトソーシング,5a 個別運用保守サービス,901,BPO,その他,アークアウトソーシング,外,CON,ヒト,継続,B7D,BSその他,144750,,23400,214000,,-92650,-0.64,144750,,23400,0,,121350,0.838,144750,,23400,107000,,14350,0.099,137000,,23400,99500,,14100,0.103,137000,,23400,99500,,14100,0.103,144750,,23400,107000,,14350,0.099,144750,,23400,107000,,14350,0.099,144750,,23400,107000,,14350,0.099,144750,,23400,107000,,14350,0.099,144750,,23400,107000,,14350,0.099,144750,,23400,107000,,14350,0.099,144750,,23400,107000,,14350,0.099
CON,開発,白鳥,A1,FINOLAB　SUBPOSI-IT　2020,5a 個別運用保守サービス,704,システム運用・保守,その他,ISID,外,CON,ヒト,継続,B7D,BSその他,142600,0,0,2400,0,140200,0.983,142600,0,0,2400,0,140200,0.983,142600,0,0,398223,1126347,-1381970,-9.691,142600,0,0,236244,103858,-197502,-1.385,142600,0,0,211177,251915,-320492,-2.247,142600,0,0,236244,103858,-197502,-1.385,49600,0,0,0,0,49600,1,49600,0,0,0,0,49600,1,49600,0,0,0,0,49600,1,49600,0,0,0,0,49600,1,49600,0,0,0,0,49600,1,49600,0,0,0,0,49600,1
CON,開発,白鳥,A1,JAREA　kintoneライセンス,1  コンサルティングサービス,1,コンサルテイングサービス,その他,一橋大学,外,CON,ヒト,継続,B7D,BSその他,16702,0,13610,0,0,3092,0.185,16702,0,13610,0,0,3092,0.185,16702,0,13610,0,0,3092,0.185,16702,0,13610,0,0,3092,0.185,16698,,13611,0,0,3087,0.185,,,,,,,,,,,,,,,,,,,,,,,,,,,,,,,,,,,,,,,,,,,,,,,,,
CON,開発,白鳥,A1,人事給与BPO第2フェーズ,1  コンサルティングサービス,1,コンサルテイングサービス,その他,未定,外,CON,ヒト,新規,B7D,BSその他,,,,,,,,3200000,,,,2895520,304480,0.095,,,,,,,,,,,,,,,,,,,,,,,,,,,,,,,,,,,,,,,,,,,,,,,,,,,,,,,,,,,,,,,,,,,,,,
CON,開発,白鳥,A0,人事給与BPO第3フェーズ【業務】運用設計・検証(コンサル部分）,1  コンサルティングサービス,1,コンサルテイングサービス,その他,未定,外,CON,ヒト,新規,B7D,BSその他,,,,,,,,,,,,,0,-,1800000,,,,888865,911135,0.506,1800000,0,0,0,886499,913501,0.508,2600000,,,,982063,1617937,0.622,2600000,,,,1097250,1502750,0.578,,,,,,,,,,,,,,,,,,,,,,,,,,,,,,,,,,,,,,,,,,
CON,開発,白鳥,A0,"人事給与BPO第3フェーズ【開発】システム開発支援・運用設計 
  ",1  コンサルティングサービス,1,コンサルテイングサービス,その他,未定,外,CON,ヒト,新規,B7D,BSその他,,,,,,,,,,,,,0,-,300000,,,,124383,175617,0.585,300000,0,0,0,151312,148688,0.496,0,,,,0,0,-,2850000,,,,488318,2361683,0.829,,,,,,,,,,,,,,,,,,,,,,,,,,,,,,,,,,,,,,,,,,
CON,開発,白鳥,A1,一橋大学　ITサポートサービス,1  コンサルティングサービス,1,コンサルテイングサービス,その他,一橋大学,外,CON,ヒト,継続,B7D,BSその他,100000,0,0,0,0,100000,1,100000,0,0,0,0,100000,1,100000,0,0,279258,789865,-969123,-9.691,100000,0,0,0,0,100000,1,100000,0,0,25867,-33256,107389,1.074,100000,0,0,0,0,100000,1,100000,0,0,0,0,100000,1,100000,0,0,0,0,100000,1,100000,0,0,0,0,100000,1,100000,0,0,0,0,100000,1,100000,0,0,0,0,100000,1,100000,0,0,0,0,100000,1
,,,,(BPO推進部）,,,,,,,,,,,,,,,,,,,,,,,,,,,,,,,,,,,,,,,,,,,,,,,,,,,,,,,,,,,,,,,,,,,,,,,,,,,,,,,,,,,,,,,,,,,,,,,
BPO,開発,小西,A0,MRI　精算管理業務 2020年度,5a 個別運用保守サービス,901,BPO,その他,MRI,外,BPO,ヒト,継続,B7D,BSその他,5040070,1319282,0,199778,4296826,-775816,-0.154,5040070,1483616,0,193738,4802508,-1439792,-0.286,5040070,2031632,0,219948,6516151,-3727661,-0.74,,,,,,0,-,,,,,,0,-,,,,,,0,-,,,,,,0,-,,,,,,0,-,,,,,,0,-,,,,,,0,-,,,,,,0,-,,,,,,0,-
BPO,開発,小西,A1,MRI　精算管理業務 2021年度,5a 個別運用保守サービス,901,BPO,その他,MRI,外,BPO,ヒト,継続,B7D,BSその他,,,,,,,-,,,,,,,-,,,,,,,-,4930000,378300,0,190762,4176211,184727,0.037,4930000,405275,0,75467,3817377,631881,0.128,4930000,390000,0,178835,3198360,1162805,0.236,4930000,390000,0,178835,3198360,1162805,0.236,4930000,390000,0,178835,3198360,1162805,0.236,4930000,736000,0,178835,3198360,816805,0.166,4930000,736000,0,178835,3198360,816805,0.166,4930000,736000,0,178835,3198360,816805,0.166,4930000,736000,0,178835,3198360,816805,0.166
BPO,開発,小西,L,人事給与BPO第2フェーズ,5a 個別運用保守サービス,901,BPO,その他,ISID,内,BPO,ヒト,継続,B7D,BSその他,,,,,,,,3200000,,,,2895520,304480,0.095,,,,,,,,,,,,,,,,,,,,,,,,,,,,,,,,,,,,,,,,,,,,,,,,,,,,,,,,,,,,,,,,,,,,,,
BPO,開発,小西,L,BPO新規①,5a 個別運用保守サービス,901,BPO,その他,ISID,内,BPO,ヒト,新規,B7D,BSその他,,,,,,,,,,,,,,,,,,,,,,,,,,,,,,,,,,,,,,,,,,,4285000,600000,160000,0,2453598,1071402,0.25,5125000,500000,160000,0,2453598,2011402,0.392,5125000,500000,160000,0,2453598,2011402,0.392,5425000,500000,160000,0,2453598,2311402,0.426,5425000,500000,160000,0,2453598,2311402,0.426,5425000,500000,160000,0,2453598,2311402,0.426
BPO,開発,小西,L,BPO新規②,5a 個別運用保守サービス,901,BPO,その他,ISID,内,BPO,ヒト,新規,B7D,BSその他,,,,,,,,,,,,,,,,,,,,,,6610000,422500,160000,0,2956390,3071110,0.465,6610000,422500,160000,0,2956390,3071110,0.465,6610000,422500,160000,0,2956390,3071110,0.465,,,,,,,,,,,,,,,,,,,,,,,,,,,,,,,,,,,,,,,,,,
BPO,開発,小西,L,BPO新規③,5a 個別運用保守サービス,901,BPO,その他,ISID,内,BPO,ヒト,新規,B7D,BSその他,4473000,550000,160000,0,2413682,1349318,0.302,4473000,550000,160000,0,2413682,1349318,0.302,4473000,550000,160000,0,2413682,1349318,0.302,,,,,,,,,,,,,,,,,,,,,,,,,,,,,,,,,,,,,,,,,,,,,,,,,,,,,,,,,,,,,,,
BPO,開発,小西,A0,社内原価経費,5a 個別運用保守サービス,901,BPO,その他,ISID,内,BPO,ヒト,新規,B7D,BSその他,,,,,,0,-,,,,,,0,-,,,,,0,0,-,,,,,0,0,-,,,,,0,0,-,,,,,2377088,-2377088,-,,,,,1600000,-1600000,-,,,,,1600000,-1600000,-,,,,,1600000,-1600000,-,,,,,1600000,-1600000,-,,,,,1600000,-1600000,-,,,,,1600000,-1600000,-
,,,,,,,,,,,,,,,,,,,,,,,,,,,,,,,,,,,,,,,,,,,,,,,,,,,,,,,,,,,,,,,,,,,,,,,,,,,,,,,,,,,,,,,,,,,,,,,,,,,
,,,,,,,,,,,,,,,,,,,,,,,,,,,,,,,,,,,,,,,,,,,,,,,,,,,,,,,,,,,,,,,,,,,,,,,,,,,,,,,,,,,,,,,,,,,,,,,,,,,
,,,,,,,,,,,,,,,,,,,,,,,,,,,,,,,,,,,,,,,,,,,,,,,,,,,,,,,,,,,,,,,,,,,,,,,,,,,,,,,,,,,,,,,,,,,,,,,,,,,
,,,,,,,,,,,,,,,,,,,,,,,,,,,,,,,,,,,,,49011698,11192389,197010,1415316,20801059.56,15405923.44,59.37638834,49239306,10030524,417011,1293949,21770710.56,15517111.44,59.50809442,67887284,8942500,403400,1483450,35322382.06,21735551.94,62.49615676,,,,,,,,,,,,,,,,,,,,,,,,,,,,,,,,,,,,,,,,,,
,,,,,,,,,,,,,,,,,,,,,,,,,,,,,,,,,,,,,,,,12804715,,,,,,,11741484,,,,,,,10829350,,,,,,,,,,,,,,,,,,,,,,,,,,,,,,,,,,,,,,,,,,,,,
